id,toxic,severe_toxic,obscene,threat,insult,identity_hate
76ad628c36b3f4a2,-1,-1,-1,-1,-1,-1
b94d5c05ddcc5cd8,0,0,0,0,0,0
74f95e6c5c3a3b67,-1,-1,-1,-1,-1,-1
9a6dd2838f5ee434,0,0,0,0,0,0
8c6b87050a6cbd62,-1,-1,-1,-1,-1,-1
bf90a34533080b37,0,0,0,0,0,0
69620eb8b2c74b5e,-1,-1,-1,-1,-1,-1
3a756a5c65f30590,0,0,0,0,0,0
3de66613ce4c4209,-1,-1,-1,-1,-1,-1
e6f42a4c0f9428f1,-1,-1,-1,-1,-1,-1
f6ee15cb542baf54,0,0,0,0,0,0
aecbcd88804c46a1,-1,-1,-1,-1,-1,-1
6a998235214733d8,-1,-1,-1,-1,-1,-1
fcad1fa25eab39cb,0,0,0,0,0,0
0581c2d22b6b6bbf,-1,-1,-1,-1,-1,-1
28d514245a0d5d6d,-1,-1,-1,-1,-1,-1
ecb452bb96a5bf78,0,0,0,0,0,0
3872d250f9999f01,-1,-1,-1,-1,-1,-1
3845d4e7ef35f767,0,0,0,0,0,0
3aba56489dfc34d5,-1,-1,-1,-1,-1,-1
63e53280dbb67086,-1,-1,-1,-1,-1,-1
1d1e51930733cee6,-1,-1,-1,-1,-1,-1
827953ccbfd1f2c0,-1,-1,-1,-1,-1,-1
48814a72fe001b79,-1,-1,-1,-1,-1,-1
5b2290c9dcd7d9ba,0,0,0,0,0,0
0c347aed108b7790,1,0,0,0,0,0
77e338b032eb852b,0,0,0,0,0,0
9eaebaf7175982cb,-1,-1,-1,-1,-1,-1
6d3f926be8dbdf66,-1,-1,-1,-1,-1,-1
ef8fb83272d87aff,-1,-1,-1,-1,-1,-1
1cd7f4631dcb843d,0,0,0,0,0,0
b7311e7823588f89,0,0,0,0,0,0
b4367ccc0d9ea907,0,0,0,0,0,0
913a8b3141a5d85b,-1,-1,-1,-1,-1,-1
ac138be5a23d1440,-1,-1,-1,-1,-1,-1
4f5e0edd3b467dc3,0,0,0,0,0,0
46a8b1454e0d6c58,0,0,0,0,0,0
bc659c9fc4bb0eba,-1,-1,-1,-1,-1,-1
72fe730b159f89a7,0,0,0,0,0,0
659b7ef19074e7b7,0,0,0,0,0,0
9a1742f6571bcab2,0,0,0,0,0,0
0bd7d81a2b31044a,0,0,0,0,0,0
9d48b0901a6d8374,-1,-1,-1,-1,-1,-1
83d0200e6e62cdcd,0,0,0,0,0,0
bc72dc98e6307659,-1,-1,-1,-1,-1,-1
be9abcffc6c9f7ce,-1,-1,-1,-1,-1,-1
98294b3188bde86f,1,0,0,0,0,0
c6d5dfb814778130,-1,-1,-1,-1,-1,-1
b240c04092973b57,0,0,0,0,0,0
1e6a947aa42d8b11,-1,-1,-1,-1,-1,-1
ffa7232f37eb11ed,-1,-1,-1,-1,-1,-1
9f54c483fae819cc,0,0,0,0,0,0
515a2666d399821d,0,0,0,0,0,0
cf4ae0b166f5d68f,0,0,0,0,0,0
326c6a119952a8e7,0,0,0,0,0,0
4ce355ff73ef82ea,1,0,1,0,1,0
4cf6a585251eed47,0,0,0,0,0,0
818e0ffb166373ba,-1,-1,-1,-1,-1,-1
a709ba53948d9b2a,0,0,0,0,0,0
ca4b3cbd5854129b,-1,-1,-1,-1,-1,-1
3ae1058fc0fb5656,-1,-1,-1,-1,-1,-1
8810bc9b449a2ee4,0,0,0,0,0,0
54664fbe6d6dd440,-1,-1,-1,-1,-1,-1
4b3dc8917559edbe,-1,-1,-1,-1,-1,-1
d3956605f3497357,-1,-1,-1,-1,-1,-1
2a6dd0a718df1b42,0,0,0,0,0,0
11d5186aed9d35a4,-1,-1,-1,-1,-1,-1
555aa8e0cc42d1e1,-1,-1,-1,-1,-1,-1
137df37e25c41d7a,1,0,0,0,1,0
bd85b8090d78b8b7,-1,-1,-1,-1,-1,-1
4eb63907ffb6b4e7,-1,-1,-1,-1,-1,-1
1f4dc6b8c8c917fa,-1,-1,-1,-1,-1,-1
54e72becf432b521,0,0,0,0,0,0
06f0d8a95934ff65,-1,-1,-1,-1,-1,-1
2e7cbf6644f95aec,-1,-1,-1,-1,-1,-1
e18eac94aaeb005b,0,0,0,0,0,0
aacc0fbcf5c7e37e,0,0,0,0,0,0
36a6869a36a6d4ad,-1,-1,-1,-1,-1,-1
576df48e6f60828e,-1,-1,-1,-1,-1,-1
0539f9209d37d25b,-1,-1,-1,-1,-1,-1
5b25233fa4db922a,-1,-1,-1,-1,-1,-1
6e93b76ddfdaff72,-1,-1,-1,-1,-1,-1
9f387a18d504eec9,-1,-1,-1,-1,-1,-1
40b2f37620367887,-1,-1,-1,-1,-1,-1
3c165b5c5c653775,0,0,0,0,0,0
7730017b3a058f11,-1,-1,-1,-1,-1,-1
d1db666baa94854c,0,0,0,0,0,0
a69fbc57bc2b6e72,0,0,0,0,0,0
4e3c33b4970a9473,-1,-1,-1,-1,-1,-1
e41887e9a9c0ef91,-1,-1,-1,-1,-1,-1
425ab861de76f748,-1,-1,-1,-1,-1,-1
4baca8da812671f0,-1,-1,-1,-1,-1,-1
8a9479dc9186cc90,-1,-1,-1,-1,-1,-1
d49a71ec14404135,-1,-1,-1,-1,-1,-1
b42bd68ec1e9a60a,-1,-1,-1,-1,-1,-1
0f24b653e02c7f93,0,0,0,0,0,0
13ebe34ad4e1800d,-1,-1,-1,-1,-1,-1
eec833a65f5dc47b,0,0,0,0,0,0
897d46aef71696e0,-1,-1,-1,-1,-1,-1
5ed7ab788aa59c05,-1,-1,-1,-1,-1,-1
3cb49b22382b0527,-1,-1,-1,-1,-1,-1
db0b5e9941adcbed,1,0,1,0,1,1
d2d9d8ec8b6461d0,-1,-1,-1,-1,-1,-1
3f408b0116b38c8b,0,0,0,0,0,0
bf6c16d595568cc2,0,0,0,0,0,0
948533e9f2d8e859,0,0,0,0,0,0
b2cf2adfa10e3e06,-1,-1,-1,-1,-1,-1
698633ad595cbf13,0,0,0,0,0,0
f83b50ff4517c312,-1,-1,-1,-1,-1,-1
6b07da5eaeab55c7,0,0,0,0,0,0
554bfa3250410415,-1,-1,-1,-1,-1,-1
3a4b59939828b3e3,0,0,0,0,0,0
20c7ff2871837cd8,-1,-1,-1,-1,-1,-1
36d9453a8f125c47,0,0,0,0,0,0
e26c29b22bb349aa,-1,-1,-1,-1,-1,-1
844712779b5301e7,-1,-1,-1,-1,-1,-1
9fb135a21b3218d6,-1,-1,-1,-1,-1,-1
62fe960f59a30858,-1,-1,-1,-1,-1,-1
ee2daf5e9147295a,-1,-1,-1,-1,-1,-1
d757bf035fb90892,-1,-1,-1,-1,-1,-1
12891633479fb646,-1,-1,-1,-1,-1,-1
d15c9bc9841fc2f7,0,0,0,0,0,0
82974086e93719ba,-1,-1,-1,-1,-1,-1
3722fff8a7d27f0d,-1,-1,-1,-1,-1,-1
3eac459d2dd32838,-1,-1,-1,-1,-1,-1
093473df9446b3ad,-1,-1,-1,-1,-1,-1
9a8550043ccc7f49,-1,-1,-1,-1,-1,-1
5bdf7e49fdca3597,-1,-1,-1,-1,-1,-1
ab41692efc4d8379,1,0,1,0,1,0
e1f437989d894c50,-1,-1,-1,-1,-1,-1
c899a67ba1a7d0e2,0,0,0,0,0,0
598478a34e58789f,-1,-1,-1,-1,-1,-1
642ea8b1c43356b6,-1,-1,-1,-1,-1,-1
22bec8c7ab1a3bc7,-1,-1,-1,-1,-1,-1
5a2e653891218a55,-1,-1,-1,-1,-1,-1
5f892b28d4e8c867,1,0,1,0,0,0
e2e56f56a4fbfd16,-1,-1,-1,-1,-1,-1
9b4bbd9497f821f8,0,0,0,0,0,0
e6fa4962fc56ef8a,-1,-1,-1,-1,-1,-1
0845911b979b275f,0,0,0,0,0,0
ce2ff186ef590f9d,-1,-1,-1,-1,-1,-1
20d8017278e03db4,-1,-1,-1,-1,-1,-1
4e12e9f0c1c26844,0,0,0,0,0,0
61a1b646e4288187,-1,-1,-1,-1,-1,-1
32a4159c79f89c1b,-1,-1,-1,-1,-1,-1
c490362f0c42c987,-1,-1,-1,-1,-1,-1
9f457426ba78cac5,-1,-1,-1,-1,-1,-1
a7c02f19baaa66c3,-1,-1,-1,-1,-1,-1
70979e904188c232,-1,-1,-1,-1,-1,-1
f1658a87a4ab294f,-1,-1,-1,-1,-1,-1
97500e44c0c9d26a,-1,-1,-1,-1,-1,-1
ced7ff413d072cc2,0,0,0,0,0,0
f8d2d7c9db9040b4,-1,-1,-1,-1,-1,-1
4bb8d9bf8447a081,0,0,0,0,0,0
39b0fcff10d7ccce,0,0,0,0,0,0
033f9a77a0d66125,0,0,0,0,0,0
62467c8f0bb075a3,1,0,0,0,0,0
174183b6aa03ccb7,-1,-1,-1,-1,-1,-1
b11eaefe0d1e38d1,1,0,1,0,1,1
6fb3e59dad2b949c,0,0,0,0,0,0
4dcb6682ff7acd06,0,0,0,0,0,0
dfda3d76ce616659,1,0,1,0,1,1
5454d5fabc1d6310,1,0,0,0,0,1
db73888d92459c8d,-1,-1,-1,-1,-1,-1
5c6deed0718b22f7,-1,-1,-1,-1,-1,-1
03b9bb39dd5e8dc9,-1,-1,-1,-1,-1,-1
b0755be14ec2bd26,-1,-1,-1,-1,-1,-1
0452a64157caadb0,0,0,0,0,0,0
35541d0625d852b4,-1,-1,-1,-1,-1,-1
9c2058e1c0efe8b0,0,0,0,0,0,0
257ee758a9e100fd,-1,-1,-1,-1,-1,-1
9690693c4e601e49,-1,-1,-1,-1,-1,-1
d3aaa9beb72dd4be,0,0,0,0,0,0
a24c29030fcf5998,1,0,0,0,1,0
4685f77b91b1f6e1,-1,-1,-1,-1,-1,-1
f661d366c93fcbd2,-1,-1,-1,-1,-1,-1
a9da8f3981f6cce6,0,0,0,0,0,0
a914f4ec8ae0c4ea,-1,-1,-1,-1,-1,-1
b87b9439b8e8b52f,-1,-1,-1,-1,-1,-1
9d7dbccec0e49e47,-1,-1,-1,-1,-1,-1
49199bed590e133a,0,0,0,0,0,0
fb4c2d59f1a9cfb6,-1,-1,-1,-1,-1,-1
ee0e7f3f8b977467,-1,-1,-1,-1,-1,-1
dca013c2a607cccd,-1,-1,-1,-1,-1,-1
97e8a7d03816f152,0,0,0,0,0,0
ae42faad80c05a7a,-1,-1,-1,-1,-1,-1
047f0940d74144aa,0,0,0,0,0,0
29e9f3025aac7fc0,-1,-1,-1,-1,-1,-1
96676e5d82d72b3b,0,0,0,0,0,0
251d6902a6bd56af,0,0,0,0,0,0
49de4fc4f7b04c25,0,0,0,0,0,0
d841f8ca43533f9c,1,0,0,0,0,0
7095b54fb89770fc,0,0,0,0,0,0
bc6435ebf05b6b69,-1,-1,-1,-1,-1,-1
1e4b83220322d1c4,-1,-1,-1,-1,-1,-1
45ef70785b49041a,0,0,0,0,0,0
8e819a7fb3d9050d,-1,-1,-1,-1,-1,-1
86b2662a6e33d5e0,0,0,0,0,0,0
a1f5aacf333b59de,0,0,0,0,0,0
027b773d781089ca,0,0,0,0,0,0
e93a2a2739bb7d3f,-1,-1,-1,-1,-1,-1
5adec27ad52908ac,-1,-1,-1,-1,-1,-1
1b490e77102a0de0,1,0,0,0,0,0
0f5270d8515381f5,-1,-1,-1,-1,-1,-1
94703c1fa5f9132f,-1,-1,-1,-1,-1,-1
465c135912bcfca7,0,0,0,0,0,0
796e4816ab2f5b9f,-1,-1,-1,-1,-1,-1
a16df912544a857d,-1,-1,-1,-1,-1,-1
65b9c0f6a44447b2,0,0,0,0,0,0
c2559a052d85883c,0,0,0,0,0,0
eac12322b81fca02,0,0,0,0,0,0
d58a21986cdb7c81,-1,-1,-1,-1,-1,-1
80c72b25aac3157f,-1,-1,-1,-1,-1,-1
44790a2faa5978ce,1,0,0,0,0,0
be9f0606629e74cd,-1,-1,-1,-1,-1,-1
f2459164e6c8f6db,0,0,0,0,0,0
5ccf34430d5f565f,-1,-1,-1,-1,-1,-1
21b5369619ffb789,-1,-1,-1,-1,-1,-1
e3d7aaff32b3b89d,-1,-1,-1,-1,-1,-1
ff6e51fa88dbc844,0,0,0,0,0,0
84ea7425d3c6f51b,1,0,1,0,1,0
637ecf9a2a27a4b8,-1,-1,-1,-1,-1,-1
fd2dd2ee6f3a63d9,1,0,1,0,1,1
255eccdcab720d45,-1,-1,-1,-1,-1,-1
9662f6f61e9eaf8f,0,0,0,0,0,0
f96790e063559011,-1,-1,-1,-1,-1,-1
a8143168e8fe4f8a,0,0,0,0,0,0
9fc26e9f197ac0fe,-1,-1,-1,-1,-1,-1
6013b4b6b26827de,-1,-1,-1,-1,-1,-1
44143663ce5d4820,0,0,0,0,0,0
d8f41c6ecd5a12d5,0,0,0,0,0,0
5e091997c35839d9,0,0,0,0,0,0
46543e1dc1ca2424,0,0,0,0,0,0
60cef7af1c2659df,-1,-1,-1,-1,-1,-1
91ac0885f9baba2f,-1,-1,-1,-1,-1,-1
03f8d19b780f4038,-1,-1,-1,-1,-1,-1
2c8ab2c48ffd92a5,0,0,0,0,0,0
5fded1723576ffb3,0,0,0,0,0,0
1d442fbae0ad0f72,-1,-1,-1,-1,-1,-1
b1093edd0067a236,-1,-1,-1,-1,-1,-1
0f1fa61dff8b0115,0,0,0,0,0,0
13d15a2dc4d76d36,0,0,0,0,0,0
6922717533060fab,0,0,0,0,0,0
572cac5c2fdce944,-1,-1,-1,-1,-1,-1
6ead2752268f246d,0,0,0,0,0,0
0db04c982f4df019,-1,-1,-1,-1,-1,-1
aebd15e89f5af345,0,0,0,0,0,0
f872ff767b207e49,0,0,0,0,0,0
72a3c40a753a674b,0,0,0,0,0,0
c4de2b9a3162fb08,-1,-1,-1,-1,-1,-1
eb0c1f0161a8e265,-1,-1,-1,-1,-1,-1
5e542ce688ada239,-1,-1,-1,-1,-1,-1
8590e241b8bf163b,-1,-1,-1,-1,-1,-1
3427773ca70ee8e7,-1,-1,-1,-1,-1,-1
db442b899dd959ff,0,0,0,0,0,0
8cb94e5e131f5042,-1,-1,-1,-1,-1,-1
4fd45e8c6f618a42,-1,-1,-1,-1,-1,-1
88529caf6944266c,-1,-1,-1,-1,-1,-1
1c7426083bee9871,-1,-1,-1,-1,-1,-1
bc7f3d8834de6e45,-1,-1,-1,-1,-1,-1
9c4266119a3b5af9,-1,-1,-1,-1,-1,-1
70174b389fca46a1,-1,-1,-1,-1,-1,-1
eb2cb846cd2f0bd4,0,0,0,0,0,0
507caad99cd312a4,-1,-1,-1,-1,-1,-1
c52de7bce2722332,-1,-1,-1,-1,-1,-1
a1ee5fc6afea3c82,-1,-1,-1,-1,-1,-1
54775333b0821d0d,-1,-1,-1,-1,-1,-1
c8a7a95d0f989d6e,-1,-1,-1,-1,-1,-1
3e1b03c8e65d6911,-1,-1,-1,-1,-1,-1
2b78c3f1aa0d09b3,0,0,0,0,0,0
5d4584c6856ea2c6,-1,-1,-1,-1,-1,-1
093411e068556b43,-1,-1,-1,-1,-1,-1
99af80bce5ad4249,-1,-1,-1,-1,-1,-1
81969eed2ed63795,-1,-1,-1,-1,-1,-1
df7335538973ea75,-1,-1,-1,-1,-1,-1
ab39165576437014,-1,-1,-1,-1,-1,-1
01533b362ba8c4a2,0,0,0,0,0,0
33795fdb6d518c31,0,0,0,0,0,0
85db212788470b2b,0,0,0,0,0,0
fcd0035ea31ec711,0,0,0,0,0,0
34e5fed7452f8a50,-1,-1,-1,-1,-1,-1
5978a3c7ad93d43f,0,0,0,0,0,0
d111d25574c620b2,0,0,0,0,0,0
faa7fa35415cb9c2,0,0,0,0,0,0
5472db422ca7b5c4,-1,-1,-1,-1,-1,-1
6d2140f0a5774882,0,0,0,0,0,0
94d945110878a158,0,0,0,0,0,0
e9b588a2cd010efb,-1,-1,-1,-1,-1,-1
153a3328cb564fea,0,0,0,0,0,0
6bcdfaa29d4c4a28,-1,-1,-1,-1,-1,-1
7d20a16f97dba579,0,0,0,0,0,0
f9fc84626f38a42c,-1,-1,-1,-1,-1,-1
dccc195083bafe51,0,0,0,0,0,0
4e2261dad1fe71ec,0,0,0,0,0,0
c874fe105b46d02c,-1,-1,-1,-1,-1,-1
f8dcf4643a1e028b,0,0,0,0,0,0
8093914eb8f2fd7f,0,0,0,0,0,0
ed15f998e26065bb,-1,-1,-1,-1,-1,-1
61e806b3857d8dfb,1,0,1,0,1,0
ef9132caa74659f4,0,0,0,0,0,0
5c696da8c16e3b03,-1,-1,-1,-1,-1,-1
92ab05fea082e41e,-1,-1,-1,-1,-1,-1
00a858641647ace9,0,0,0,0,0,0
79376a753a6ae9e4,-1,-1,-1,-1,-1,-1
11b4b0cfd10f41b6,-1,-1,-1,-1,-1,-1
687b7233613cfad9,0,0,0,0,0,0
135ce28823aeb9a8,0,0,0,0,0,0
8896c43befdad89c,-1,-1,-1,-1,-1,-1
3f5b4936dbdc0ae3,-1,-1,-1,-1,-1,-1
043a49f8f7219d18,0,0,0,0,0,0
c1cb414aa4f81a8f,0,0,0,0,0,0
ead80b9185001a0f,-1,-1,-1,-1,-1,-1
88ddbf63153bc869,-1,-1,-1,-1,-1,-1
c691a146d6cde24b,-1,-1,-1,-1,-1,-1
295b1b60f1fcfc68,-1,-1,-1,-1,-1,-1
f149b32141cba110,-1,-1,-1,-1,-1,-1
3a147ab637e693d6,-1,-1,-1,-1,-1,-1
eab9100565a7508c,-1,-1,-1,-1,-1,-1
f5025957fb31a0d9,0,0,0,0,0,0
da72a7b04a1333e2,0,0,0,0,0,0
33f5b900ac3fd9ae,0,0,0,0,0,0
940cdb79c92852c6,-1,-1,-1,-1,-1,-1
ef7bbdae40746acc,-1,-1,-1,-1,-1,-1
8cb4aa9467dffae8,0,0,0,0,0,0
8e59ae2c607a146a,-1,-1,-1,-1,-1,-1
0f2cac2bcb5d7a74,-1,-1,-1,-1,-1,-1
215f8d0636572525,-1,-1,-1,-1,-1,-1
34fb59e95d99a466,-1,-1,-1,-1,-1,-1
d04f9c85d2c593b3,-1,-1,-1,-1,-1,-1
ecafc7fbff225391,1,0,1,0,0,0
b2a5f6dc3119bb81,0,0,0,0,0,0
5fc6d7f0933c222c,-1,-1,-1,-1,-1,-1
ed516e3642b042fa,-1,-1,-1,-1,-1,-1
328d0c8c5a672dc8,0,0,0,0,0,0
ee465e9f28960969,0,0,0,0,0,0
dd98d9d262ed0f02,-1,-1,-1,-1,-1,-1
821f108a34ec7bf4,0,0,0,0,0,0
58f7bbdafc77132b,-1,-1,-1,-1,-1,-1
bcddd36e360b6351,-1,-1,-1,-1,-1,-1
02110789eec65890,-1,-1,-1,-1,-1,-1
f199f8edd004d862,-1,-1,-1,-1,-1,-1
9367b6911bcf0f6e,-1,-1,-1,-1,-1,-1
04e73cb4e73a16fd,0,0,0,0,0,0
d2460e69c8a73ed4,-1,-1,-1,-1,-1,-1
088d463c93603cdb,-1,-1,-1,-1,-1,-1
138656b0e4646a6d,-1,-1,-1,-1,-1,-1
d027721bd99bf44e,0,0,0,0,0,0
6e2cd12c6e6e4ce3,0,0,0,0,0,0
2bb3134f42f99c0f,-1,-1,-1,-1,-1,-1
7650a9a96c298f5e,0,0,0,0,0,0
533dfaa2450ef193,0,0,0,0,0,0
be5818dff1192d24,-1,-1,-1,-1,-1,-1
2a0ac8c7b52ea9a5,-1,-1,-1,-1,-1,-1
7ba8dd4a6f425dec,-1,-1,-1,-1,-1,-1
a05659e8b07308d2,-1,-1,-1,-1,-1,-1
45708e26fd4c93a1,0,0,0,0,0,0
3ffeb2b9fde49c54,-1,-1,-1,-1,-1,-1
967d87615f598f0f,-1,-1,-1,-1,-1,-1
56083fc674adb390,0,0,0,0,0,0
99790b03868fb20f,-1,-1,-1,-1,-1,-1
7f7e1eeb3f9a1903,-1,-1,-1,-1,-1,-1
e29cf8835a543408,0,0,0,0,0,0
ac8fe9450859bf36,0,0,0,0,0,0
bc971c001ff228b0,0,0,0,0,0,0
c461e5da7ae6171f,-1,-1,-1,-1,-1,-1
e22181bfc53cf851,-1,-1,-1,-1,-1,-1
10c838353a281952,0,0,0,0,0,0
e1d396c2a72757f5,-1,-1,-1,-1,-1,-1
f60871d0c9002140,-1,-1,-1,-1,-1,-1
035f73c2a2eba61b,-1,-1,-1,-1,-1,-1
842f5e35178a8120,0,0,0,0,0,0
f224ab3e00a9043d,-1,-1,-1,-1,-1,-1
5e6f54ac98dfbcb0,-1,-1,-1,-1,-1,-1
d13a909685d42863,-1,-1,-1,-1,-1,-1
ca910266d0f135c6,-1,-1,-1,-1,-1,-1
ae9421ecfb4a3847,0,0,0,0,0,0
1d154f5e1e47902e,-1,-1,-1,-1,-1,-1
31c2c33117d94eb1,-1,-1,-1,-1,-1,-1
8d0670a3d57f3abd,-1,-1,-1,-1,-1,-1
7b8aef31abf749c1,-1,-1,-1,-1,-1,-1
a961e9a95f338902,0,0,0,0,0,0
501af70dcd09d02e,-1,-1,-1,-1,-1,-1
6b579e13984e0fef,0,0,0,0,0,0
e107e88d9cf97a47,-1,-1,-1,-1,-1,-1
ffddab2acdd684c1,-1,-1,-1,-1,-1,-1
ff485769baab654b,0,0,0,0,0,0
4c6dc4f07c3e05ee,-1,-1,-1,-1,-1,-1
06adf45bf76fb40d,0,0,0,0,0,0
6f4452cd56abdb2d,-1,-1,-1,-1,-1,-1
7d8f2b2a5626e00e,0,0,0,0,0,0
1d9a9e85133e9502,-1,-1,-1,-1,-1,-1
a168e6b843efe986,1,0,0,0,0,0
e66c51ccabfa4764,0,0,0,0,0,0
90411ab8177e65c2,-1,-1,-1,-1,-1,-1
f91cd7090e6a624e,0,0,0,0,0,0
be2567e99624e871,1,0,0,1,0,0
b8ae9644baf56cd0,0,0,0,0,0,0
9a519ae0b58506aa,1,0,0,0,0,0
24fee4ac2ff9bead,0,0,0,0,0,0
223fa0a3b09f7331,0,0,0,0,0,0
7a5b5690ef7ae635,-1,-1,-1,-1,-1,-1
349f7579c2e9a790,-1,-1,-1,-1,-1,-1
19c08ef5548bb064,-1,-1,-1,-1,-1,-1
7b08cb48454e0599,0,0,0,0,0,0
b8cffe0e09d3af21,0,0,0,0,0,0
6da2dae030270943,-1,-1,-1,-1,-1,-1
f0cfaa199b1d5913,-1,-1,-1,-1,-1,-1
05abc17dbc631dd4,0,0,0,0,0,0
6be2f49929df6c22,-1,-1,-1,-1,-1,-1
f4fe07753c19d573,-1,-1,-1,-1,-1,-1
e99ef54b548b336d,0,0,0,0,0,0
f84e345ebbe504d3,1,0,1,0,1,0
1a16410b6c613db2,0,0,0,0,0,0
53fcb2020d07a6bf,-1,-1,-1,-1,-1,-1
bb4cb27fa8d8d576,0,0,0,0,0,0
483fde85a3c57d99,1,1,1,0,0,0
476f1df088ee9cf7,-1,-1,-1,-1,-1,-1
939e5d75163f2c9f,-1,-1,-1,-1,-1,-1
26459a4d5381a8ca,0,0,0,0,0,0
1a97d32262f14b4c,-1,-1,-1,-1,-1,-1
cc622f986c7b5bc4,-1,-1,-1,-1,-1,-1
b4e651c27e1fe873,-1,-1,-1,-1,-1,-1
28d0d5f4a10874b5,-1,-1,-1,-1,-1,-1
2ec2cf06b5b0154d,0,0,0,0,0,0
9e03f5dd0c52c229,-1,-1,-1,-1,-1,-1
49516b03eb2810dd,0,0,0,0,0,0
d29e92ee2ecdbeb4,0,0,0,0,0,0
51f1b0bc85cc7f73,0,0,0,0,0,0
c972ae98695059b3,-1,-1,-1,-1,-1,-1
c28a7700954c45a9,0,0,0,0,0,0
fe469bbcbff6b41d,0,0,0,0,0,0
7a0824a4604123cd,-1,-1,-1,-1,-1,-1
97c8cbe468e8a56e,-1,-1,-1,-1,-1,-1
af29e07a789ebded,0,0,0,0,0,0
7d9f0729b3ebb03d,-1,-1,-1,-1,-1,-1
47ef6e647ec6d93f,-1,-1,-1,-1,-1,-1
c6a6d3fb34c44338,0,0,0,0,0,0
0bbf90632bb2de9b,0,0,0,0,0,0
9786432c45e70054,-1,-1,-1,-1,-1,-1
42a4ff3e865ca15d,-1,-1,-1,-1,-1,-1
574782f0c5334a33,0,0,0,0,0,0
d37fa5f502c93887,-1,-1,-1,-1,-1,-1
efd8baf5e62a2ebc,0,0,0,0,0,0
dc1e167b35c4b221,-1,-1,-1,-1,-1,-1
97e1b307855fde84,-1,-1,-1,-1,-1,-1
e2754876f0516e31,-1,-1,-1,-1,-1,-1
cc7f48a206318973,0,0,0,0,0,0
f30e62dff00a0e70,-1,-1,-1,-1,-1,-1
aa56721dc3e5dfb8,0,0,0,0,0,0
7a6d109294ddf789,-1,-1,-1,-1,-1,-1
e548835b8b6fa6c6,-1,-1,-1,-1,-1,-1
21ba24c2908075c3,-1,-1,-1,-1,-1,-1
918362df0a659b13,-1,-1,-1,-1,-1,-1
5937ecb8fc4f7210,-1,-1,-1,-1,-1,-1
83aa97de05fff4a4,0,0,0,0,0,0
bab1082e5e738dc5,-1,-1,-1,-1,-1,-1
15324b46a6a32435,-1,-1,-1,-1,-1,-1
9db7da0059abffcc,-1,-1,-1,-1,-1,-1
b7d4ca037aa9ce97,-1,-1,-1,-1,-1,-1
6d5a11f6019a70f2,-1,-1,-1,-1,-1,-1
9b6a70b15b195a9e,-1,-1,-1,-1,-1,-1
c6b38704ab555153,0,0,0,0,0,0
104723d2de37060c,0,0,0,0,0,0
66ba3a361fb90064,-1,-1,-1,-1,-1,-1
ba1dc7547928286d,-1,-1,-1,-1,-1,-1
c419d42f25fc2bda,-1,-1,-1,-1,-1,-1
630ff79a8d8f7f02,0,0,0,0,0,0
c6c3b5e56b0bc766,0,0,0,0,0,0
f171a52c2cb08918,-1,-1,-1,-1,-1,-1
db776936cdb5d12e,1,0,0,0,0,0
19a698cd5012df26,-1,-1,-1,-1,-1,-1
f8edceba11aaef96,-1,-1,-1,-1,-1,-1
611ed0ca8b251b38,0,0,0,0,0,0
5aef932a6aadde51,-1,-1,-1,-1,-1,-1
3d90bb233acd84b3,-1,-1,-1,-1,-1,-1
5ce55dfd2b4c06b5,0,0,0,0,0,0
28cf92d932dc034e,-1,-1,-1,-1,-1,-1
140fb33d431bdf92,-1,-1,-1,-1,-1,-1
c106a5a91b0bbb42,0,0,0,0,0,0
3a95c8dc3cc884f0,-1,-1,-1,-1,-1,-1
877cf63fde0ecd1a,0,0,0,0,0,0
8abf421fe9639672,-1,-1,-1,-1,-1,-1
19f194a3deb38c12,0,0,0,0,0,0
3ef4c774ac74a708,-1,-1,-1,-1,-1,-1
16a19ad7a9cf7862,-1,-1,-1,-1,-1,-1
eb9ff9c0aebeff0f,0,0,0,0,0,0
0278b19aea4d624f,0,0,0,0,0,0
be21a9f6e6cf2553,-1,-1,-1,-1,-1,-1
98146b5d2f074ff0,0,0,0,0,0,0
7c7c88feb7b44cc7,-1,-1,-1,-1,-1,-1
ad7f23f63348d5f3,-1,-1,-1,-1,-1,-1
bbf7b897e75e5065,-1,-1,-1,-1,-1,-1
2c6b9c576307b013,-1,-1,-1,-1,-1,-1
4f636cf7058ea348,0,0,0,0,0,0
5976a2f2181cd14a,-1,-1,-1,-1,-1,-1
ea8c2d21b9a3760f,-1,-1,-1,-1,-1,-1
8477211454fe80c5,0,0,0,0,0,0
acfcd2590c2787bd,0,0,0,0,0,0
c84a70261e938d02,-1,-1,-1,-1,-1,-1
e456b7c2fcc943cd,1,0,0,0,1,1
c1a68763e286909c,0,0,0,0,0,0
7d7304a5c3cb479d,0,0,0,0,0,0
007aec85ba5ab379,0,0,0,0,0,0
8004d96488a5fecc,0,0,0,0,0,0
e9377dda1bbe6a54,0,0,0,0,0,0
eaab3651667a993d,-1,-1,-1,-1,-1,-1
00c070a4753b0fa3,1,0,1,0,1,0
58d132cfe25585a1,0,0,0,0,0,0
d7c192a10046cdaa,0,0,0,0,0,0
f3eb54db17a0be6e,-1,-1,-1,-1,-1,-1
39da4ad65c3c1e6a,-1,-1,-1,-1,-1,-1
f688aeee4559feeb,-1,-1,-1,-1,-1,-1
3e7f4f5e4bbb252d,0,0,0,0,0,0
edce31d9c378adb6,0,0,0,0,0,0
42dd951456f091a3,0,0,0,0,0,0
0a2beade789eb534,-1,-1,-1,-1,-1,-1
fad09b4779390127,-1,-1,-1,-1,-1,-1
46cad2e254ade666,0,0,0,0,0,0
4c7a93b817c076ff,-1,-1,-1,-1,-1,-1
57ef5da4e623841b,0,0,0,0,0,0
e039a68de5808f66,-1,-1,-1,-1,-1,-1
d3e00ce9c4871919,-1,-1,-1,-1,-1,-1
0a29805d107a2f51,1,0,1,0,1,0
509c647c1b2841af,0,0,0,0,0,0
29a85ec6326495a2,-1,-1,-1,-1,-1,-1
a269a712ae4e8cb1,0,0,0,0,0,0
02c8662faa1cb2da,-1,-1,-1,-1,-1,-1
d38da59f3e4f68f0,-1,-1,-1,-1,-1,-1
f0f134bccffed040,0,0,0,0,0,0
59cd13fbc0d42dbe,-1,-1,-1,-1,-1,-1
3ede7e523917c604,-1,-1,-1,-1,-1,-1
6af9cfe27aaab5cd,-1,-1,-1,-1,-1,-1
15fdcd2a490a0f8e,-1,-1,-1,-1,-1,-1
cfd27a253f9fd078,-1,-1,-1,-1,-1,-1
6367fe49eed9d1b5,0,0,0,0,0,0
08df8edbd62af633,-1,-1,-1,-1,-1,-1
62ce62982c9f3302,-1,-1,-1,-1,-1,-1
4fb7f09a0de0b521,-1,-1,-1,-1,-1,-1
0107cf656a9c6b5c,0,0,0,0,0,0
0189b99379ff24b7,-1,-1,-1,-1,-1,-1
a26ca0098e4e9b88,-1,-1,-1,-1,-1,-1
0465a00b895b72f6,0,0,0,0,0,0
f401025b740e53bf,-1,-1,-1,-1,-1,-1
874fce72f5f45ce7,1,0,1,0,1,0
b6436f93d33a7481,0,0,0,0,0,0
7fdec151c1a6bac9,-1,-1,-1,-1,-1,-1
3dd1f6649870aa6b,-1,-1,-1,-1,-1,-1
f2bc40a4476e82ba,0,0,0,0,0,0
d9e4cb0e55e714d0,-1,-1,-1,-1,-1,-1
53446cbd221ee095,-1,-1,-1,-1,-1,-1
8526175e5d7e6617,-1,-1,-1,-1,-1,-1
cdadf6c6c28cfbb3,-1,-1,-1,-1,-1,-1
17883ea11b44bdba,0,0,0,0,0,0
d4cf52200766d06f,0,0,0,0,0,0
ebfafa3da187bb0f,-1,-1,-1,-1,-1,-1
aeb70a370d0ad203,-1,-1,-1,-1,-1,-1
982376e93558a891,-1,-1,-1,-1,-1,-1
7b0cafcf7b9242a7,-1,-1,-1,-1,-1,-1
2a1bd52f444ead27,0,0,0,0,0,0
e7b866b06d2abae5,-1,-1,-1,-1,-1,-1
6f74632d5a9cf58e,0,0,0,0,0,0
c173bc78702c1696,-1,-1,-1,-1,-1,-1
c937d997663bbbc8,-1,-1,-1,-1,-1,-1
a2cfc264083be23d,-1,-1,-1,-1,-1,-1
434e2809c8fadc01,0,0,0,0,0,0
d2cb4c33c0c46e6a,-1,-1,-1,-1,-1,-1
c50f0aeafa2adc77,-1,-1,-1,-1,-1,-1
3319ea255b6c242e,1,0,1,0,1,0
fddf1bca62aef4ef,0,0,0,0,0,0
2ef1ecb6976f0e1a,-1,-1,-1,-1,-1,-1
272a1c8af2b4dcc5,0,0,0,0,0,0
5dca5e13012e1602,0,0,0,0,0,0
b104c63f31805810,0,0,0,0,0,0
670da6ed94c27f56,-1,-1,-1,-1,-1,-1
f0578d44301956e9,-1,-1,-1,-1,-1,-1
ede35bc648a63f8e,0,0,0,0,0,0
22dfb35fe2ee3767,-1,-1,-1,-1,-1,-1
ceafcaa675b0d998,-1,-1,-1,-1,-1,-1
3f1edf41c1a2332a,-1,-1,-1,-1,-1,-1
192ede47cf421fc9,-1,-1,-1,-1,-1,-1
4865b03456f38cd6,0,0,0,0,0,0
e00aa76de6215307,-1,-1,-1,-1,-1,-1
7ab368f8638ee21e,-1,-1,-1,-1,-1,-1
d6f670b7eb752e77,-1,-1,-1,-1,-1,-1
bc83a55af9c150b4,0,0,0,0,0,0
294b56058eb89460,0,0,0,0,0,0
1a18a2c1477d76ba,-1,-1,-1,-1,-1,-1
0c413e86cd33dc12,-1,-1,-1,-1,-1,-1
cabe23cb309150bc,-1,-1,-1,-1,-1,-1
67c0d2c19419314f,-1,-1,-1,-1,-1,-1
bc8f1055334add8a,0,0,0,0,0,0
ef82700b3e79b28d,-1,-1,-1,-1,-1,-1
98d8b5439b93a32e,-1,-1,-1,-1,-1,-1
e1688b2416cb5982,-1,-1,-1,-1,-1,-1
de427e52fffe236d,0,0,0,0,0,0
d01313913d099395,-1,-1,-1,-1,-1,-1
08bd4dc1a0915dc8,0,0,0,0,0,0
3a068d51047a7af5,-1,-1,-1,-1,-1,-1
72b47b01029b322d,0,0,0,0,0,0
08c0375b847e88de,-1,-1,-1,-1,-1,-1
180ccb3b6fd844e2,-1,-1,-1,-1,-1,-1
b56c8fedb37f1d42,-1,-1,-1,-1,-1,-1
66923c7adf685240,0,0,0,0,0,0
c5b6f3809a52dcf5,0,0,0,0,0,0
96f2d307c51c2d02,-1,-1,-1,-1,-1,-1
5accf08f200944d1,1,0,0,0,0,0
93794a500584bcc1,-1,-1,-1,-1,-1,-1
25eb6f285c751262,-1,-1,-1,-1,-1,-1
4ea10ec954aa9241,0,0,0,0,0,0
8cc11df445471bcc,-1,-1,-1,-1,-1,-1
e711f2aebe735344,-1,-1,-1,-1,-1,-1
d47677536fdecce8,-1,-1,-1,-1,-1,-1
a0bfcc88164bc86a,0,0,0,0,0,0
dd267d8283132589,-1,-1,-1,-1,-1,-1
0229ca0162ec7082,-1,-1,-1,-1,-1,-1
5216543652446590,-1,-1,-1,-1,-1,-1
92c5cf468c2122e8,-1,-1,-1,-1,-1,-1
50c7d2a060e17e30,0,0,0,0,0,0
18689b96a302c2ee,1,0,0,1,0,0
37335eaa9bc245ca,-1,-1,-1,-1,-1,-1
1f077e672b6f1746,-1,-1,-1,-1,-1,-1
8d24cfe045c6ff00,-1,-1,-1,-1,-1,-1
1323bf31d186f809,-1,-1,-1,-1,-1,-1
979f08f1e6dad514,-1,-1,-1,-1,-1,-1
5051fa5a990520d4,-1,-1,-1,-1,-1,-1
128b1aeb723171b4,-1,-1,-1,-1,-1,-1
df8b8728336b81f6,0,0,0,0,0,0
36699a063e7327b5,-1,-1,-1,-1,-1,-1
e258c0b28ae509c2,-1,-1,-1,-1,-1,-1
161c4271b2e47d7f,0,0,0,0,0,0
6223cb5cbfdb44c3,0,0,0,0,0,0
8089e5409a238775,-1,-1,-1,-1,-1,-1
85dec28691fc896d,-1,-1,-1,-1,-1,-1
5b5b83718f8eeb89,-1,-1,-1,-1,-1,-1
47556a0eb2f0915a,-1,-1,-1,-1,-1,-1
33c1ecd374968c4f,-1,-1,-1,-1,-1,-1
4c6c8f6a5a53d6ae,-1,-1,-1,-1,-1,-1
4dddb038f8a9fdb8,-1,-1,-1,-1,-1,-1
1aa756470871328b,-1,-1,-1,-1,-1,-1
4c1c3147b11c42ee,1,0,0,0,0,0
20afd5d07a145ca1,-1,-1,-1,-1,-1,-1
586c31ea5e1cdf9f,-1,-1,-1,-1,-1,-1
249d870ec08bd211,-1,-1,-1,-1,-1,-1
d8c4920bd8bfe9ed,-1,-1,-1,-1,-1,-1
60066108a540cee6,-1,-1,-1,-1,-1,-1
2b8b852535bf337e,-1,-1,-1,-1,-1,-1
c691136375e242cc,-1,-1,-1,-1,-1,-1
b12bdbc8d201625b,0,0,0,0,0,0
78d76208708ee1f1,-1,-1,-1,-1,-1,-1
6dbec62b64a70820,0,0,0,0,0,0
8ff576daa9b7ad35,-1,-1,-1,-1,-1,-1
c71197bd8f1ce42f,-1,-1,-1,-1,-1,-1
4ca46423e1a372bd,-1,-1,-1,-1,-1,-1
dabbd61d8f0dffe3,0,0,0,0,0,0
3866f804b32b9a88,0,0,0,0,0,0
7dbb673ff6eb0f95,-1,-1,-1,-1,-1,-1
a4cb60634ff99469,-1,-1,-1,-1,-1,-1
45e0bea3a5eb0366,-1,-1,-1,-1,-1,-1
434a845b5abecc12,-1,-1,-1,-1,-1,-1
10310661aff599f5,-1,-1,-1,-1,-1,-1
27a0c3684930b55d,-1,-1,-1,-1,-1,-1
f1a4b3638a495276,-1,-1,-1,-1,-1,-1
6f9ab353ea03b8df,0,0,0,0,0,0
6903f6bbb083564f,-1,-1,-1,-1,-1,-1
213d40ca388dcb83,0,0,0,0,0,0
d1dfce3d450a79e0,-1,-1,-1,-1,-1,-1
a224d2acfad0c771,-1,-1,-1,-1,-1,-1
cc89367063162a6b,0,0,0,0,0,0
350338c047503cea,0,0,0,0,0,0
2f5e9f4ea10ed702,-1,-1,-1,-1,-1,-1
dacbcd4b9ed96b4c,-1,-1,-1,-1,-1,-1
fa36ac569ef602bc,-1,-1,-1,-1,-1,-1
4e93cee3b34c2830,-1,-1,-1,-1,-1,-1
bb14df9a9e63a254,0,0,0,0,0,0
b776c4f841a3be32,-1,-1,-1,-1,-1,-1
fec667ffbff88e66,-1,-1,-1,-1,-1,-1
9c7ff38e0c3509eb,0,0,0,0,0,0
0ef1458f76c950ec,-1,-1,-1,-1,-1,-1
b81633e669d2e784,0,0,0,0,0,0
e0dce3f5cca8a59c,-1,-1,-1,-1,-1,-1
37adba3068fd4df3,0,0,0,0,0,0
d15d6b57059e3386,0,0,0,0,0,0
94d973643833f797,-1,-1,-1,-1,-1,-1
954941b0d0ec8ae6,1,0,1,0,1,0
b42e856631800fe6,0,0,0,0,0,0
a9ace1e1adb39002,0,0,0,0,0,0
b09cf314916ca6ad,-1,-1,-1,-1,-1,-1
c9ced8ba5e95351f,0,0,0,0,0,0
0bad43635cbb9eef,0,0,0,0,0,0
d0574f9345903fd9,-1,-1,-1,-1,-1,-1
3d34c5548c28ba51,-1,-1,-1,-1,-1,-1
2e73440ec2154623,-1,-1,-1,-1,-1,-1
c6dcc0c4aeb3180a,-1,-1,-1,-1,-1,-1
3f178c7b138cd685,0,0,0,0,0,0
d2ef9d636df42ab2,0,0,0,0,0,0
799d61628c8cdf44,-1,-1,-1,-1,-1,-1
903b0093f6bad91c,-1,-1,-1,-1,-1,-1
c1079e42956f8a9e,-1,-1,-1,-1,-1,-1
96f6e03839f92cc8,0,0,0,0,0,0
c7c7eb4bf4e9abd1,-1,-1,-1,-1,-1,-1
112b1a50c36d6e10,-1,-1,-1,-1,-1,-1
02d6036f762a443b,-1,-1,-1,-1,-1,-1
6eb6fca532ad682f,1,0,1,0,1,0
edcf58ff1cfd8e2d,-1,-1,-1,-1,-1,-1
c458900b92c0092d,-1,-1,-1,-1,-1,-1
9a7d46e7bc757e3d,0,0,0,0,0,0
28cac3d83e1c9113,-1,-1,-1,-1,-1,-1
8002ead1e9948752,0,0,0,0,0,0
edf3b46791a26904,0,0,0,0,0,0
1c7c6c2f72a9899f,-1,-1,-1,-1,-1,-1
a02c6bad82fefae7,-1,-1,-1,-1,-1,-1
32f25fcdd70052ae,0,0,0,0,0,0
25dd29b7be7fc187,-1,-1,-1,-1,-1,-1
0db395bef067b978,-1,-1,-1,-1,-1,-1
f5a65840b3023bdb,0,0,0,0,0,0
294b214b17353abf,1,0,0,0,0,0
0508e39a3fe52665,-1,-1,-1,-1,-1,-1
a9aea4a5efc8792a,-1,-1,-1,-1,-1,-1
ef06404ea7f4fd5f,0,0,0,0,0,0
843097c637f6c4fe,0,0,0,0,0,0
2fac2b7633c27465,0,0,0,0,0,0
ee568b67ff63770e,-1,-1,-1,-1,-1,-1
b3566365af5fcd0c,-1,-1,-1,-1,-1,-1
eac0970093f24ee5,0,0,0,0,0,0
62fbce9609e1a3fa,-1,-1,-1,-1,-1,-1
67e63e83fb3231e6,-1,-1,-1,-1,-1,-1
73de76e9f234bbee,-1,-1,-1,-1,-1,-1
d1f8f961cb578557,-1,-1,-1,-1,-1,-1
d3465cbb9f877046,1,0,1,0,1,0
31a580f92e62d929,-1,-1,-1,-1,-1,-1
89e6a35bf1650ec0,0,0,0,0,0,0
8a4d92c53408bed6,-1,-1,-1,-1,-1,-1
a31eb46245701f88,0,0,0,0,0,0
e6270b6229a0b078,0,0,0,0,0,0
ccaaf776c7519051,0,0,0,0,0,0
76af1c2c2c112935,-1,-1,-1,-1,-1,-1
7839dcbae67caefd,-1,-1,-1,-1,-1,-1
beb1e3c96e6588a1,1,0,0,0,1,0
ac6e6526bd5f169c,-1,-1,-1,-1,-1,-1
987439004fda69a4,-1,-1,-1,-1,-1,-1
80172b85d011b41b,-1,-1,-1,-1,-1,-1
68144973b6fa3d21,0,0,0,0,0,0
157f51fc17dd5f27,-1,-1,-1,-1,-1,-1
05adf3438c712e02,-1,-1,-1,-1,-1,-1
8000c3677292df4a,-1,-1,-1,-1,-1,-1
d712f130685e9a51,-1,-1,-1,-1,-1,-1
d83955b945f03172,0,0,0,0,0,0
8d95c37c4b4931a7,-1,-1,-1,-1,-1,-1
7907c9aaf92866d2,1,0,0,0,0,0
b36eb92614fd9694,-1,-1,-1,-1,-1,-1
ad24aa6c8bec22d5,0,0,0,0,0,0
f600d886fb566728,-1,-1,-1,-1,-1,-1
91c2e4469157f767,0,0,0,0,0,0
a7a68f764482593a,0,0,0,0,0,0
b0dc29c553c34fe1,-1,-1,-1,-1,-1,-1
94d299de2b605a9b,0,0,0,0,0,0
38bf4d64fdd4a03b,-1,-1,-1,-1,-1,-1
912574491d35e251,0,0,0,0,0,0
a64feb213d8d5e1a,-1,-1,-1,-1,-1,-1
8bd3f2f7d8093f68,0,0,0,0,0,0
e410d999f4a97afe,0,0,0,0,0,0
1c97dcbbad70c1e5,-1,-1,-1,-1,-1,-1
fc6f48563cba7f75,-1,-1,-1,-1,-1,-1
6ad41937e015d742,-1,-1,-1,-1,-1,-1
70b3b34e97e732c1,0,0,0,0,0,0
41ec8f10a154273d,0,0,0,0,0,0
b2f5648784e48d28,-1,-1,-1,-1,-1,-1
93d209ba1d939d8c,-1,-1,-1,-1,-1,-1
710a23c4f62a0857,-1,-1,-1,-1,-1,-1
d311e9a15eb55b1f,0,0,0,0,0,0
bffbe5e8a9ac4103,-1,-1,-1,-1,-1,-1
ba670e5582648314,-1,-1,-1,-1,-1,-1
8a7a96b9a6644ed7,0,0,0,0,0,0
e7d24d1ec4fe8853,0,0,0,0,0,0
6fb6e58d6fa9df76,0,0,0,0,0,0
e021b7a3c9730063,-1,-1,-1,-1,-1,-1
9b7e3eca09e8093a,0,0,0,0,0,0
d05fdeed25bb5fbb,0,0,0,0,0,0
455f46fbafe57d00,-1,-1,-1,-1,-1,-1
1ae724bd74cbe0c5,-1,-1,-1,-1,-1,-1
4dc3b2d6ad55a363,0,0,0,0,0,0
1752c5f3675fa08b,-1,-1,-1,-1,-1,-1
3d19f1c1ceb520c4,-1,-1,-1,-1,-1,-1
1f5020871a185172,0,0,0,0,0,0
9882db0a7c8e1b4d,-1,-1,-1,-1,-1,-1
1deb7ac439aa57d3,-1,-1,-1,-1,-1,-1
d5d16920db833cd5,-1,-1,-1,-1,-1,-1
2f368a989655e9c1,0,0,0,0,0,0
00f0468189c252b7,-1,-1,-1,-1,-1,-1
e511d3a436fa9ba3,0,0,0,0,0,0
b58138affa477a05,-1,-1,-1,-1,-1,-1
7a0b5a7c0d4eb948,-1,-1,-1,-1,-1,-1
28ecbe94677e2864,-1,-1,-1,-1,-1,-1
d2da3bbbb08fe079,-1,-1,-1,-1,-1,-1
52e10f80ffea5cb5,-1,-1,-1,-1,-1,-1
02c4ce1a67b651d3,0,0,0,0,0,0
31069767f28b6e59,0,0,0,0,0,0
59f476e758527baf,-1,-1,-1,-1,-1,-1
a836abdf980eb918,0,0,0,0,0,0
1d98d1ed535e4e08,-1,-1,-1,-1,-1,-1
fd7c3b38b6d5adb2,-1,-1,-1,-1,-1,-1
c1b697cd9363ad83,-1,-1,-1,-1,-1,-1
c673abcfc4360b8d,-1,-1,-1,-1,-1,-1
f06ddbd518418518,-1,-1,-1,-1,-1,-1
a0700c9208aa9376,-1,-1,-1,-1,-1,-1
498e099a1ed279c0,-1,-1,-1,-1,-1,-1
c7e6eb206d55703e,-1,-1,-1,-1,-1,-1
f0e5872663146af1,0,0,0,0,0,0
a27433a57722606c,-1,-1,-1,-1,-1,-1
7e6d2c36901eda75,-1,-1,-1,-1,-1,-1
0bc8ca0b72453a72,-1,-1,-1,-1,-1,-1
4eb5323897aefbda,-1,-1,-1,-1,-1,-1
3b1a73962b0adb5d,0,0,0,0,0,0
5395e27587443558,1,0,0,0,0,1
f4770258d49c2254,-1,-1,-1,-1,-1,-1
916d10da1b16ad87,-1,-1,-1,-1,-1,-1
35affe19292e082e,-1,-1,-1,-1,-1,-1
9d6850a145fd37fb,0,0,0,0,0,0
a836c6f46087672c,0,0,0,0,0,0
23d93981e12e2a06,-1,-1,-1,-1,-1,-1
e0a4e6b5f638d421,0,0,0,0,0,0
9d07ca93b0a8e346,-1,-1,-1,-1,-1,-1
426b5212bda13809,0,0,0,0,0,0
7c5bcd286df80649,-1,-1,-1,-1,-1,-1
e70fc4e2c9bad2fe,-1,-1,-1,-1,-1,-1
d799a21ee954af04,1,0,1,0,0,0
299ebb2383631265,-1,-1,-1,-1,-1,-1
3b519f8048a3fd08,-1,-1,-1,-1,-1,-1
5961e9b17f710461,-1,-1,-1,-1,-1,-1
53783beacf24f8ae,-1,-1,-1,-1,-1,-1
65e37cfdb64ae49a,-1,-1,-1,-1,-1,-1
2ea8c8e2542c4bdf,-1,-1,-1,-1,-1,-1
9b54291a2ef3f225,-1,-1,-1,-1,-1,-1
c63098bbc4057469,0,0,0,0,0,0
f7285bc777a3ddda,0,0,0,0,0,0
218b12a7cb7c22fc,-1,-1,-1,-1,-1,-1
3a11fa3338f84517,0,0,0,0,0,0
6b48c3c9747e42e1,0,0,0,0,0,0
786ad1afb867195b,-1,-1,-1,-1,-1,-1
fb531f97e55ee909,-1,-1,-1,-1,-1,-1
53e2111f1ef6bbab,0,0,0,0,0,0
9f11126357c7214b,1,0,1,0,0,0
feaa475822fd7239,0,0,0,0,0,0
ac60d929b513fee8,0,0,0,0,0,0
5d61bbcc26bbd601,0,0,0,0,0,0
32fea621eab45f60,0,0,0,0,0,0
998233a6798c9654,1,0,0,0,1,0
8cfe58fa4ae5f270,-1,-1,-1,-1,-1,-1
c8b1775070efe6a9,0,0,0,0,0,0
916169dea7ad599c,0,0,0,0,0,0
15004e68434744ca,0,0,0,0,0,0
0653ad1db61c9053,-1,-1,-1,-1,-1,-1
3e4b6d6e09f50837,-1,-1,-1,-1,-1,-1
534d6825bbd27bd0,0,0,0,0,0,0
10eac34c0c43335e,-1,-1,-1,-1,-1,-1
a71d935091169328,-1,-1,-1,-1,-1,-1
0b7b254416b2654c,-1,-1,-1,-1,-1,-1
61ca19148fefda7e,-1,-1,-1,-1,-1,-1
c2603b70543c5a8d,-1,-1,-1,-1,-1,-1
9e7474457355a664,0,0,0,0,0,0
824113cceac57d4b,-1,-1,-1,-1,-1,-1
7eef115f281cff59,0,0,0,0,0,0
20034124e368e133,0,0,0,0,0,0
0a01379fb4763152,0,0,0,0,0,0
31e84b54722df231,-1,-1,-1,-1,-1,-1
62189ec9af83cf90,0,0,0,0,0,0
87fadc16640e0262,0,0,0,0,0,0
b6c04906ca5f8404,-1,-1,-1,-1,-1,-1
0668d7432ac04866,0,0,0,0,0,0
06b84b7dfc685be4,-1,-1,-1,-1,-1,-1
2a84134e5f091468,0,0,0,0,0,0
2b49117fd4b97957,-1,-1,-1,-1,-1,-1
c8776823cbe7ad8b,-1,-1,-1,-1,-1,-1
44df1d891cfae85e,-1,-1,-1,-1,-1,-1
ed3a8b22aa46da95,-1,-1,-1,-1,-1,-1
c052049a585cd08a,0,0,0,0,0,0
48a532249fbd5a9c,0,0,0,0,0,0
b494cf51c8c776b8,0,0,0,0,0,0
5b42f9f274655ba3,-1,-1,-1,-1,-1,-1
6f6ec090a73a8662,0,0,0,0,0,0
f7c7fb332d667609,-1,-1,-1,-1,-1,-1
b2ec0129c75667d5,-1,-1,-1,-1,-1,-1
2e24ae495a1efc36,-1,-1,-1,-1,-1,-1
ef31d042e365e533,-1,-1,-1,-1,-1,-1
c00fa2bc0b061f3a,-1,-1,-1,-1,-1,-1
3f12e044e5f43c5d,0,0,0,0,0,0
006c132f3df89e6e,0,0,0,0,0,0
855b32a318421676,-1,-1,-1,-1,-1,-1
0ef24694ff75e581,-1,-1,-1,-1,-1,-1
5f4c7d2e4e560928,-1,-1,-1,-1,-1,-1
2e421e77752893c8,-1,-1,-1,-1,-1,-1
73dc1fb8589bf5d4,-1,-1,-1,-1,-1,-1
d34220508713507b,0,0,0,0,0,0
92fd8cb05f314356,-1,-1,-1,-1,-1,-1
47fa41ec0c32457a,1,0,0,1,0,0
5e4cfa601d06e08a,-1,-1,-1,-1,-1,-1
ff2a564c386b3f99,-1,-1,-1,-1,-1,-1
e7266181d676ee92,-1,-1,-1,-1,-1,-1
a3f0fb4d65686c26,1,0,1,0,1,1
9c6e95b1a9bb0782,0,0,0,0,0,0
db5e2d8af8dfaaaf,0,0,0,0,0,0
bc4e959080701454,0,0,0,0,0,0
e15dd5a065568504,-1,-1,-1,-1,-1,-1
64914d7b382b33c2,-1,-1,-1,-1,-1,-1
827c303631d64fd3,-1,-1,-1,-1,-1,-1
336ab30faf431aea,-1,-1,-1,-1,-1,-1
a8557d6d3e812942,-1,-1,-1,-1,-1,-1
438d69666b7d2029,-1,-1,-1,-1,-1,-1
cffb3186b7766871,-1,-1,-1,-1,-1,-1
acd155ec05ff40d3,-1,-1,-1,-1,-1,-1
cede8d33336fffde,0,0,0,0,0,0
d34b984ff1de5a66,0,0,0,0,0,0
5eea21b49bbe142f,-1,-1,-1,-1,-1,-1
d849790d4daaf056,-1,-1,-1,-1,-1,-1
3a6f97e32e787c77,0,0,0,0,0,0
3dc8844b693b534c,-1,-1,-1,-1,-1,-1
6d93016e91470ec4,-1,-1,-1,-1,-1,-1
5a04e8b6fc34f4b7,0,0,0,0,0,0
40a34f6d5a7ed7d7,-1,-1,-1,-1,-1,-1
b31c420412dc3849,-1,-1,-1,-1,-1,-1
5725574a71341273,-1,-1,-1,-1,-1,-1
cb17c9a84e29b881,-1,-1,-1,-1,-1,-1
d2f3c00eb616c5d6,0,0,0,0,0,0
9b878108f1da9eb4,-1,-1,-1,-1,-1,-1
822d624904b1ea86,-1,-1,-1,-1,-1,-1
9219d7773650c17b,0,0,0,0,0,0
7228299dbc5baffe,-1,-1,-1,-1,-1,-1
f1d8a58dc8f61fad,-1,-1,-1,-1,-1,-1
ccc8d09840296666,0,0,0,0,0,0
ce48c85cdbe74aff,-1,-1,-1,-1,-1,-1
54c48987db971478,0,0,0,0,0,0
6a73c9d52321cda2,0,0,0,0,0,0
9d09e55cd559799b,0,0,0,0,0,0
c75c36bcbcd31eb6,-1,-1,-1,-1,-1,-1
5ac6a61a99833a7f,0,0,0,0,0,0
248eb83e6cdb258e,-1,-1,-1,-1,-1,-1
ce59548d74a29924,-1,-1,-1,-1,-1,-1
0d95a37c8f6c6c5b,-1,-1,-1,-1,-1,-1
dfb697312a72453a,0,0,0,0,0,0
0769539b37893841,0,0,0,0,0,0
381818a088e305db,-1,-1,-1,-1,-1,-1
dc3d26e894189ac6,0,0,0,0,0,0
c74eb36b00cf9735,0,0,0,0,0,0
b79199566b0ff3fb,0,0,0,0,0,0
566b132c32f1b4e9,-1,-1,-1,-1,-1,-1
f9ffcf97ea643e2e,-1,-1,-1,-1,-1,-1
0164288c47c33601,-1,-1,-1,-1,-1,-1
d5298bb1f8b15815,1,0,1,0,1,0
1d3049f384f5dde4,0,0,0,0,0,0
499196478801fb89,-1,-1,-1,-1,-1,-1
3783fe4315949dfe,-1,-1,-1,-1,-1,-1
85f522fe9d416527,-1,-1,-1,-1,-1,-1
370291de22e1ad00,-1,-1,-1,-1,-1,-1
750823bac6cc85da,0,0,0,0,0,0
ec94ac2563b1bf5b,-1,-1,-1,-1,-1,-1
8e44e6aafe5ab91b,0,0,0,0,0,0
c672a387f2e1a6fd,-1,-1,-1,-1,-1,-1
4c802da37a98c11c,-1,-1,-1,-1,-1,-1
84922f6022ab8394,0,0,0,0,0,0
97af910d59b65d31,0,0,0,0,0,0
1cc5c19a318c9a8b,-1,-1,-1,-1,-1,-1
569d6662875e32d7,0,0,0,0,0,0
02a22cfde767dac7,-1,-1,-1,-1,-1,-1
2cd244c9ee2b88ed,-1,-1,-1,-1,-1,-1
8439b11259dfce7f,1,0,0,0,1,0
f3009c66143ee563,1,0,0,0,0,0
fe1bc22f7212ffad,0,0,0,0,0,0
d64033d7d8e506d1,0,0,0,0,0,0
223dc1b06672ac74,-1,-1,-1,-1,-1,-1
316070569e1a855b,-1,-1,-1,-1,-1,-1
43da49fa5fb65aff,-1,-1,-1,-1,-1,-1
6a932fa17f28768f,-1,-1,-1,-1,-1,-1
c84f441cbfaab274,-1,-1,-1,-1,-1,-1
0bcc48ed195d51d1,-1,-1,-1,-1,-1,-1
3d7afd6afa26a522,0,0,0,0,0,0
3e1b51db43d811b7,-1,-1,-1,-1,-1,-1
0a95325614f67799,-1,-1,-1,-1,-1,-1
e8c5ee3aaca80936,0,0,0,0,0,0
e452b6e36b388416,-1,-1,-1,-1,-1,-1
f2605df63d87f4e7,-1,-1,-1,-1,-1,-1
656ceeb2cddb8fc0,-1,-1,-1,-1,-1,-1
3b92e04569e93cb3,-1,-1,-1,-1,-1,-1
bfd486069975d56c,-1,-1,-1,-1,-1,-1
4998521434d6de83,-1,-1,-1,-1,-1,-1
a44e8416526eb8d5,0,0,0,0,0,0
ed17f8c58e844cd4,0,0,0,0,0,0
f24118683cd77962,0,0,0,0,0,0
d964078e0db610f3,-1,-1,-1,-1,-1,-1
aefdb07655e0a8a1,-1,-1,-1,-1,-1,-1
06986d42d82b5b36,-1,-1,-1,-1,-1,-1
f3338a7f0ec52031,-1,-1,-1,-1,-1,-1
671a54f9d5f727dd,-1,-1,-1,-1,-1,-1
3dba41d8bc9be0bd,0,0,0,0,0,0
5632def1d33ea588,0,0,0,0,0,0
b41270a33372916a,0,0,0,0,0,0
26c91097dafaf210,1,0,0,0,0,0
d528be715ca4cd8e,-1,-1,-1,-1,-1,-1
8a2e520bb6ad12e4,1,0,1,0,1,0
f87c270845c81c13,-1,-1,-1,-1,-1,-1
6bd5ffaa078228f3,-1,-1,-1,-1,-1,-1
